<?xml version="1.0" encoding="ISO-8859-1"?>
<DiaMessage>
<Request>True</Request>
<CommandCode>319</CommandCode>
<Application-Id>16777251</Application-Id>
<AVP name="Session-ID"  code="263" vendor="0" flags="64">idr-test-0123456789</AVP>
<AVP name="Auth-Session-State"  code="277" vendor="0" flags="64">0</AVP>
<AVP name="Origin-Host"  code="264" vendor="0" flags="64">zz-brand-simhss01.ims.mnc000.mcc460.3gppnetwork.org</AVP>
<AVP name="Origin-Realm"  code="296" vendor="0" flags="64">ims.mnc000.mcc460.3gppnetwork.org</AVP>
<AVP name="Dest-Host"  code="293" vendor="0" flags="64">mmec02.mmegi8003.mme.epc.mnc000.mcc460.3gppnetwork.org</AVP>
<AVP name="Dest-Realm"  code="283" vendor="0" flags="64">epc.mnc000.mcc460.3gppnetwork.org</AVP>
<AVP name="User-Name"  code="1" vendor="0" flags="64">460080100030117</AVP>
<AVP name="Support-Features"  code="628" vendor="10415" flags="128">
	<AVP name="Vendor-Id"  code="266" vendor="0" flags="64">10415</AVP>
	<AVP name="Feature-List-ID"  code="629" vendor="10415" flags="128">2</AVP>
	<AVP name="Feature-List"  code="630" vendor="10415" flags="128">65536</AVP>
</AVP>
<AVP name="Subscription-Data"  code="1400" vendor="10415" flags="192">\x00\x00\x05\x90\xc0\x00\x00\x10\x00\x00\x28\xaf\x00\x00\x00\x00\x00\x00\x02\xbd\xc0\x00\x00\x13\x00\x00\x28\xaf\x68\x31\x04\x00\x03\x11\xf7\x00\x00\x00\x05\x99\xc0\x00\x00\x13\x00\x00\x28\xaf\x68\x31\x04\x05\x20\x00\xf0\x00\x00\x00\x05\x9b\xc0\x00\x00\x2c\x00\x00\x28\xaf\x00\x00\x02\x04\xc0\x00\x00\x10\x00\x00\x28\xaf\x02\xfa\xf0\x80\x00\x00\x02\x03\xc0\x00\x00\x10\x00\x00\x28\xaf\x0f\x42\x40\x00\x00\x00\x05\x95\xc0\x00\x01\xc8\x00\x00\x28\xaf\x00\x00\x05\x8f\xc0\x00\x00\x10\x00\x00\x28\xaf\x00\x00\x00\x01\x00\x00\x05\x94\xc0\x00\x00\x10\x00\x00\x28\xaf\x00\x00\x00\x00\x00\x00\x05\x96\xc0\x00\x00\xcc\x00\x00\x28\xaf\x00\x00\x05\x8f\xc0\x00\x00\x10\x00\x00\x28\xaf\x00\x00\x00\x02\x00\x00\x05\xb0\xc0\x00\x00\x10\x00\x00\x28\xaf\x00\x00\x00\x02\x00\x00\x01\xed\x40\x00\x00\x0b\x69\x6d\x73\x00\x00\x00\x05\x97\xc0\x00\x00\x58\x00\x00\x28\xaf\x00\x00\x04\x04\xc0\x00\x00\x10\x00\x00\x28\xaf\x00\x00\x00\x05\x00\x00\x04\x0a\x80\x00\x00\x3c\x00\x00\x28\xaf\x00\x00\x04\x16\x80\x00\x00\x10\x00\x00\x28\xaf\x00\x00\x00\x06\x00\x00\x04\x17\x80\x00\x00\x10\x00\x00\x28\xaf\x00\x00\x00\x01\x00\x00\x04\x18\x80\x00\x00\x10\x00\x00\x28\xaf\x00\x00\x00\x00\x00\x00\x05\x98\xc0\x00\x00\x10\x00\x00\x28\xaf\x00\x00\x00\x01\x00\x00\x05\x9b\xc0\x00\x00\x2c\x00\x00\x28\xaf\x00\x00\x02\x04\xc0\x00\x00\x10\x00\x00\x28\xaf\x07\xa1\x20\x00\x00\x00\x02\x03\xc0\x00\x00\x10\x00\x00\x28\xaf\x07\xa1\x20\x00\x00\x00\x05\x96\xc0\x00\x00\xd0\x00\x00\x28\xaf\x00\x00\x05\x8f\xc0\x00\x00\x10\x00\x00\x28\xaf\x00\x00\x00\x01\x00\x00\x05\xb0\xc0\x00\x00\x10\x00\x00\x28\xaf\x00\x00\x00\x02\x00\x00\x01\xed\x40\x00\x00\x0d\x63\x6d\x6e\x65\x74\x00\x00\x00\x00\x00\x05\x97\xc0\x00\x00\x58\x00\x00\x28\xaf\x00\x00\x04\x04\xc0\x00\x00\x10\x00\x00\x28\xaf\x00\x00\x00\x09\x00\x00\x04\x0a\x80\x00\x00\x3c\x00\x00\x28\xaf\x00\x00\x04\x16\x80\x00\x00\x10\x00\x00\x28\xaf\x00\x00\x00\x0a\x00\x00\x04\x17\x80\x00\x00\x10\x00\x00\x28\xaf\x00\x00\x00\x01\x00\x00\x04\x18\x80\x00\x00\x10\x00\x00\x28\xaf\x00\x00\x00\x00\x00\x00\x05\x98\xc0\x00\x00\x10\x00\x00\x28\xaf\x00\x00\x00\x01\x00\x00\x05\x9b\xc0\x00\x00\x2c\x00\x00\x28\xaf\x00\x00\x02\x04\xc0\x00\x00\x10\x00\x00\x28\xaf\x0f\x42\x40\x00\x00\x00\x02\x03\xc0\x00\x00\x10\x00\x00\x28\xaf\x0f\x42\x40\x00</AVP>
<AVP name="IDR-Flags"  code="1490" vendor="10415" flags="192">24</AVP>
<AVP name="Proxy-Info"  code="284" vendor="0" flags="64">
	<AVP name="Proxy-Host"  code="280" vendor="0" flags="64">zz-brand-simhss01.ims.mnc000.mcc460.3gppnetwork.org</AVP>
	<AVP name="Proxy-State"  code="280" vendor="0" flags="64">012345</AVP>
</AVP>
<AVP name="Record-Route"  code="282" vendor="0" flags="64">zz-brand-simhss01.ims.mnc000.mcc460.3gppnetwork.org</AVP>
</DiaMessage>