<?xml version="1.0" encoding="ISO-8859-1"?>
<DiaMessage>
<Request>True</Request>
<CommandCode>307</CommandCode>
<Application-Id>16777217</Application-Id>
<AVP name="Session-ID"  code="263" vendor="0" flags="64">snr-test-0123456789</AVP>
<AVP name="Vendor-Specific-Application-Id" code="260" vendor="0" flags="64">
	<AVP name="Vendor-Id" code="266" vendor="0" flags="64">10415</AVP>
	<AVP name="Auth-Application-Id" code="258" vendor="0" flags="64">16777217</AVP>
</AVP> 
<AVP name="Auth-Session-State"  code="277" vendor="0" flags="64">1</AVP>
<AVP name="Origin-Host"  code="264" vendor="0" flags="64">zz-brand-simhss01.ims.mnc000.mcc460.3gppnetwork.org</AVP>
<AVP name="Origin-Realm"  code="296" vendor="0" flags="64">ims.mnc000.mcc460.3gppnetwork.org</AVP>
<AVP name="Dest-Realm"  code="283" vendor="0" flags="64">ims.mnc000.mcc460.3gppnetwork.org</AVP>
<AVP name="User-Identity"  code="700" vendor="10415" flags="192">
	<AVP name="Public-Identity"  code="601" vendor="10415" flags="192">sip:+8613400030106@ims.mnc008.mcc460.3gppnetwork.org</AVP>
</AVP>
<AVP name="Data-Reference"  code="703" vendor="10415" flags="192">0</AVP>
<AVP name="User-Data"  code="702" vendor="10415" flags="192"><![CDATA[<?xml version="1.0" encoding="UTF-8"?><Sh-Data><RepositoryData><ServiceIndication>SIP-Basic-Data</ServiceIndication><SequenceNumber>589</SequenceNumber><ServiceData>134</ServiceData></RepositoryData></Sh-Data>]]></AVP>
</DiaMessage>


