<?xml version="1.0" encoding="ISO-8859-1"?>
<DiaMessage>
<Request>True</Request>
<CommandCode>306</CommandCode>
<Application-Id>16777217</Application-Id>
<AVP name="Session-ID"  code="263" vendor="0" flags="64">udr-test-0123456789</AVP>
<AVP name="Vendor-Specific-Application-Id" code="260" vendor="0" flags="64">
	<AVP name="Vendor-Id" code="266" vendor="0" flags="64">10415</AVP>
	<AVP name="Auth-Application-Id" code="258" vendor="0" flags="64">16777217</AVP>
</AVP> 
<AVP name="Auth-Session-State"  code="277" vendor="0" flags="64">1</AVP>
<AVP name="Origin-Host"  code="264" vendor="0" flags="64">zz-brand-simhss01.ims.mnc000.mcc460.3gppnetwork.org</AVP>
<AVP name="Origin-Realm"  code="296" vendor="0" flags="64">ims.mnc000.mcc460.3gppnetwork.org</AVP>
<AVP name="Dest-Host"  code="293" vendor="0" flags="64">hss01.fz.fj.node.ims.mnc000.mcc460.3gppnetwork.org</AVP>
<AVP name="Dest-Realm"  code="283" vendor="0" flags="64">ims.mnc000.mcc460.3gppnetwork.org</AVP>
<AVP name="User-Name"  code="1" vendor="0" flags="64">460080100030106@ims.mnc008.mcc460.3gppnetwork.org</AVP>
<AVP name="Support-Features"  code="628" vendor="10415" flags="128">
	<AVP name="Vendor-Id"  code="266" vendor="0" flags="64">10415</AVP>
	<AVP name="Feature-List-ID"  code="629" vendor="10415" flags="128">1</AVP>
	<AVP name="Feature-List"  code="630" vendor="10415" flags="128">1</AVP>
</AVP>
<AVP name="User-Identity"  code="700" vendor="10415" flags="192">
	<AVP name="Public-Identity"  code="601" vendor="10415" flags="192">sip:+8613400030106@ims.mnc008.mcc460.3gppnetwork.org</AVP>
</AVP>
<AVP name="Service-Indication"  code="704" vendor="10415" flags="192">SIP-Basic-Data</AVP>
<AVP name="Data-Reference"  code="703" vendor="10415" flags="192">0</AVP>
</DiaMessage>