<?xml version="1.0" encoding="ISO-8859-1"?>
<DiaMessage>
<Request>True</Request>
<CommandCode>301</CommandCode>
<Application-Id>16777216</Application-Id>
<AVP name="Session-ID"  code="263" vendor="0" flags="64">sar-test-0123456789</AVP>
<AVP name="Auth-Session-State"  code="277" vendor="0" flags="64">1</AVP>
<AVP name="Vendor-Specific-Application-Id"  code="260" vendor="0" flags="64">
	<AVP name="Vendor-Id"  code="266" vendor="0" flags="64">10415</AVP>
	<AVP name="Auth-Application-Id"  code="258" vendor="0" flags="64">16777216</AVP>
</AVP> 
<AVP name="Origin-Host"  code="264" vendor="0" flags="64">zz-brand-scscf01.ims.mnc000.mcc460.3gppnetwork.org</AVP>
<AVP name="Origin-Realm"  code="296" vendor="0" flags="64">ims.mnc000.mcc460.3gppnetwork.org</AVP>
<AVP name="Dest-Realm"  code="283" vendor="0" flags="64">ims.mnc000.mcc460.3gppnetwork.org</AVP>
<AVP name="User-Name"  code="1" vendor="0" flags="64">460080100030122@ims.mnc008.mcc460.3gppnetwork.org</AVP>
<AVP name="Public-Identity"  code="601" vendor="10415" flags="192">sip:460080100030122@ims.mnc008.mcc460.3gppnetwork.org</AVP>
<AVP name="Server-Assignment-Type"  code="614" vendor="10415" flags="192">1</AVP>
<AVP name="Server-Name"  code="602" vendor="10415" flags="192">sip:fake-scscf1.3gppnetwork.org</AVP>
<AVP name="User-Data-Already-Available"  code="624" vendor="10415" flags="192">0</AVP>
<AVP name="SCSCF-Restoration"  code="639" vendor="10415" flags="128">
	<AVP name="User-Name"  code="1" vendor="0" flags="64">460080100030122@ims.mnc008.mcc460.3gppnetwork.org</AVP>
	<AVP name="SIP-Authen-Schema"  code="608" vendor="10415" flags="192">Digest-AKAv1-MD5</AVP>
	<AVP name="Restoration-Info"  code="649" vendor="10415" flags="128">
		<AVP name="Path"  code="640" vendor="10415" flags="128">sip:fake-path.pcscf1.3gppnetwork.org</AVP>
		<AVP name="Contact"  code="641" vendor="10415" flags="128">sip:fake-ue.ue1.3gppnetwork.org</AVP>
		<AVP name="Subscription-info"  code="642" vendor="10415" flags="128">
			<AVP name="Call-ID"  code="643" vendor="10415" flags="128">OQchBkFgFvfFiR1JXAe</AVP>
			<AVP name="From-SIP-Header"  code="644" vendor="10415" flags="128">sip:+8613400030122@ims.mnc008.mcc460.3gppnetwork.org;tag=KWALAT3wgZ9rjx</AVP>
			<AVP name="To-SIP-Header"  code="645" vendor="10415" flags="128">sip:+8613400030122@ims.mnc008.mcc460.3gppnetwork.org;tag=124932577</AVP>
			<AVP name="Record-Route"  code="646" vendor="10415" flags="128">sip:pcsf-v1t1.ims-003.a1.js.chinamobile.com:5060;lr;mw;lsstag=pps-2440-11.35151</AVP>
			<AVP name="Contact"  code="641" vendor="10415" flags="128">sip:fake-ue.ue1.3gppnetwork.org</AVP>
		</AVP>
	</AVP>
</AVP>
<AVP name="Support-Features"  code="628" vendor="10415" flags="192">
	<AVP name="Vendor-Id"  code="266" vendor="0" flags="64">10415</AVP>
	<AVP name="Feature-List-Id"  code="629" vendor="10415" flags="128">1</AVP>
	<AVP name="Feature-List"  code="630" vendor="10415" flags="128">13</AVP>
</AVP>
</DiaMessage>