<?xml version="1.0" encoding="ISO-8859-1"?>
<DiaMessage>
<Request>True</Request>
<CommandCode>301</CommandCode>
<Application-Id>16777216</Application-Id>
<AVP name="Session-ID"  code="263" vendor="0" flags="64">sar-test-0123456789</AVP>
<AVP name="Auth-Session-State"  code="277" vendor="0" flags="64">1</AVP>
<AVP name="Vendor-Specific-Application-Id"  code="260" vendor="0" flags="64">
	<AVP name="Vendor-Id"  code="266" vendor="0" flags="64">10415</AVP>
	<AVP name="Auth-Application-Id"  code="258" vendor="0" flags="64">16777216</AVP>
</AVP> 
<AVP name="Origin-Host"  code="264" vendor="0" flags="64">zz-brand-scscf01.ims.mnc000.mcc460.3gppnetwork.org</AVP>
<AVP name="Origin-Realm"  code="296" vendor="0" flags="64">ims.mnc000.mcc460.3gppnetwork.org</AVP>
<AVP name="Dest-Realm"  code="283" vendor="0" flags="64">ims.mnc000.mcc460.3gppnetwork.org</AVP>
<AVP name="Public-Identity"  code="601" vendor="10415" flags="192">sip:+8613400030122@ims.mnc008.mcc460.3gppnetwork.org</AVP>
<AVP name="Server-Assignment-Type"  code="614" vendor="10415" flags="192">0</AVP>
<AVP name="Server-Name"  code="602" vendor="10415" flags="192">sip:fake-scscf1.3gppnetwork.org</AVP>
<AVP name="User-Data-Already-Available"  code="624" vendor="10415" flags="192">0</AVP>
<AVP name="Support-Features"  code="628" vendor="10415" flags="192">
	<AVP name="Vendor-Id"  code="266" vendor="0" flags="64">10415</AVP>
	<AVP name="Feature-List-Id"  code="629" vendor="10415" flags="128">1</AVP>
	<AVP name="Feature-List"  code="630" vendor="10415" flags="128">13</AVP>
</AVP>
</DiaMessage>