<?xml version="1.0" encoding="ISO-8859-1"?>
<DiaRedirectorMM>
<Manipulation action="DEL" avpPath="0/268[0]"/>
<Manipulation action="ADD" avpPath="">
	<AVP name="Product-Name" code="269" vendor="0" flags="0">MCDPR</AVP> 
	<AVP name="Result-Code" code="268" vendor="0" flags="0">4999</AVP> 
</Manipulation>
<Manipulation action="MODIFY" avpPath="0/268[0]" value="5005"/>
<Manipulation action="MODIFY" avpPath="0/269[0]" value="MCDRPv1.6"/>
<Manipulation action="MODIFY" avpPath="0/263[0]" value="abcdedf"/>
<!--
<Manipulation action="DEL" avpPath="10415/517[0]->10415/519[0]"/>
<Manipulation action="MODIFY" avpPath="10415/517[0]->10415/519[1]->10415/507[1]" value="haha"/>-->
</DiaRedirectorMM>