<?xml version="1.0" encoding="ISO-8859-1"?>
<DiaResponseTrigger copySessionID="True">
<Match>
<CommandCode>319</CommandCode>
<ApplicationId>16777251</ApplicationId>
<Request>False</Request>
<AVP name="Result-Code" code="268" vendor="0" flags="64">3002</AVP>
<AVPPath path="">
<AVP name="Orig-Host" code="264" vendor="0" flags="64">nsn-dra02</AVP>
</AVPPath>
<!--ResponseTrigger do not support hexstr in AVP type, so, something like \x0d\x0a could not be handled by ResponseTrigger-->
</Match>
</DiaResponseTrigger>